grain,meanM,varM,meanMO,varMO
2,3.0078,0.7234786,2.1988,2.063304
5,3.0078,0.1325425,2.54,0.8655639
10,3.0078,0.02759511,2.67,0.4657576
